LSOA	value
E01031470	0
E01017687	0
E01000027	2
E01000028	0
E01000029	1
E01000030	1
E01000031	0
E01000032	0
E01000110	0
E01000111	1
E01000112	1
E01000113	1
E01000034	1
E01000037	0
E01000038	0
E01000039	0
E01000063	0
E01000100	1
E01000101	0
E01000109	1
E01000114	1
E01000033	0
E01000060	1
E01000061	1
E01000062	1
E01000064	1
E01000065	1
E01000078	0
E01000080	0
E01000081	0
E01000082	1
E01000083	0
E01000102	0
E01000021	1
E01000022	0
E01000023	2
E01000024	0
E01000025	0
E01000077	1
E01000015	0
E01000016	0
E01000017	0
E01000018	1
E01000079	0
E01000035	1
E01000036	0
E01000107	0
E01000108	1
E01000066	1
E01000067	0
E01000069	0
E01000070	1
E01000071	1
E01000057	1
E01000073	0
E01000074	1
E01000075	1
E01000076	0
E01000013	1
E01000014	1
E01000059	0
E01000084	0
E01000085	1
E01000086	0
E01000103	1
E01000104	0
E01000105	2
E01000106	1
E01000007	2
E01000008	1
E01000010	2
E01000012	2
E01000006	0
E01000009	1
E01000011	1
E01000044	1
E01000068	1
E01000041	0
E01000042	1
E01000045	2
E01000046	0
E01000072	1
E01000054	0
E01000055	1
E01000056	1
E01000058	1
E01000095	2
E01000040	0
E01000043	0
E01000050	1
E01000052	1
E01000092	2
E01000053	1
E01000087	2
E01000088	1
E01000089	0
E01000090	1
E01000048	0
E01000049	1
E01000051	1
E01033587	2
E01033588	0
E01000091	1
E01000093	1
E01000094	0
E01000096	2
E01000019	0
E01000020	0
E01000097	1
E01000098	1
E01000099	0
E01032580	1
E01000248	1
E01000249	0
E01000250	2
E01000254	0
E01000292	0
E01000293	0
E01000167	0
E01000246	0
E01000247	0
E01000251	1
E01000252	0
E01000166	0
E01000168	0
E01000169	0
E01000172	0
E01000285	0
E01000287	1
E01000288	0
E01000289	1
E01000291	1
E01000294	0
E01000267	0
E01000268	1
E01000269	0
E01000270	0
E01000170	1
E01000171	2
E01000173	0
E01000174	0
E01000175	0
E01000228	0
E01000253	0
E01000279	0
E01000280	0
E01000286	1
E01000290	0
E01000271	0
E01000272	0
E01000273	0
E01000281	1
E01000282	0
E01000115	0
E01000116	0
E01000119	0
E01000120	0
E01000122	0
E01000117	0
E01000118	0
E01000121	1
E01000123	0
E01000124	1
E01000265	1
E01000266	0
E01000274	1
E01000320	0
E01000322	0
E01000275	0
E01000277	0
E01000283	0
E01000284	1
E01000321	0
E01000195	0
E01000229	0
E01000230	0
E01000231	0
E01000232	0
E01000233	0
E01000186	0
E01000187	0
E01000188	0
E01000189	1
E01000190	0
E01000191	0
E01000158	0
E01000159	0
E01000160	1
E01000161	1
E01000162	0
E01000324	0
E01000256	0
E01000258	1
E01000263	0
E01000264	1
E01000255	0
E01000257	1
E01000261	0
E01000262	0
E01000192	2
E01000193	2
E01000194	1
E01000226	0
E01000227	0
E01000299	2
E01000300	0
E01000302	0
E01000317	0
E01000318	1
E01000323	0
E01000276	0
E01000278	0
E01000301	0
E01000303	0
E01000304	0
E01000130	0
E01000132	0
E01000133	0
E01000234	0
E01000235	1
E01000156	1
E01000157	0
E01000163	0
E01000164	2
E01000165	0
E01000315	1
E01000197	0
E01000295	0
E01000296	1
E01000298	0
E01000125	2
E01000127	0
E01000128	1
E01000129	2
E01000131	0
E01000134	0
E01000198	0
E01000199	0
E01000204	0
E01000259	0
E01000260	2
E01000126	0
E01000151	1
E01000152	1
E01000153	2
E01000154	0
E01000176	0
E01000178	1
E01000184	0
E01000297	0
E01000316	2
E01000319	0
E01000196	1
E01000200	0
E01000201	1
E01000202	1
E01000203	0
E01000177	0
E01000179	0
E01000180	0
E01000181	0
E01000182	0
E01000185	0
E01000147	0
E01000148	1
E01000155	1
E01033572	1
E01033573	1
E01000239	1
E01000240	0
E01000241	1
E01000309	0
E01000237	1
E01000242	1
E01000243	1
E01000244	0
E01000245	2
E01000314	2
E01000183	0
E01000206	0
E01000207	0
E01000208	0
E01000210	0
E01000213	0
E01000236	1
E01000238	1
E01000310	0
E01000311	0
E01000205	0
E01000209	0
E01000211	1
E01000212	1
E01000216	0
E01000217	0
E01000150	1
E01000305	0
E01000306	0
E01000308	1
E01000312	0
E01000313	1
E01000145	0
E01000215	0
E01000218	1
E01000219	1
E01000220	0
E01000225	1
E01000135	0
E01000136	1
E01000144	2
E01000146	2
E01000214	0
E01000141	2
E01000221	2
E01000223	2
E01000307	2
E01000138	1
E01000142	1
E01000222	0
E01000224	0
E01000137	0
E01000139	1
E01000140	0
E01000143	0
E01000466	1
E01000467	0
E01000468	1
E01000469	1
E01000416	1
E01000418	1
E01000422	1
E01000464	0
E01000465	1
E01000470	0
E01000333	1
E01000335	1
E01000336	1
E01000337	0
E01000338	0
E01000403	2
E01000404	1
E01000405	0
E01000408	0
E01000332	0
E01000402	0
E01000406	0
E01000407	0
E01000334	0
E01000417	1
E01000419	0
E01000420	0
E01000442	0
E01000437	0
E01000438	0
E01000439	1
E01000440	0
E01000441	1
E01000373	0
E01000429	0
E01000430	1
E01000431	1
E01000432	0
E01000433	2
E01000434	1
E01000356	1
E01000359	0
E01000421	0
E01000450	0
E01000451	0
E01000452	0
E01000367	1
E01000368	0
E01000372	1
E01000380	0
E01000435	0
E01000353	0
E01000354	0
E01000355	0
E01000358	0
E01000436	0
E01000401	0
E01000453	0
E01000454	0
E01000455	0
E01000456	0
E01000325	0
E01000326	0
E01000369	0
E01000370	0
E01000371	0
E01000360	2
E01000362	2
E01000365	0
E01000366	0
E01000394	0
E01000388	1
E01000392	1
E01000409	0
E01000411	0
E01000414	1
E01000415	0
E01000327	0
E01000328	0
E01000329	1
E01000330	1
E01000331	0
E01000340	0
E01000395	0
E01000396	0
E01000410	0
E01000412	0
E01000413	0
E01000374	0
E01000375	0
E01000376	0
E01000377	0
E01000378	2
E01000379	0
E01000349	0
E01000361	0
E01000363	0
E01000389	0
E01000390	0
E01000393	0
E01000346	0
E01000347	0
E01000350	0
E01000352	0
E01000391	0
E01000341	0
E01000342	0
E01000343	0
E01000345	0
E01000460	0
E01000364	0
E01000444	0
E01000447	1
E01000448	0
E01000449	0
E01000351	0
E01000443	0
E01000445	0
E01000446	0
E01000461	0
E01000339	0
E01000344	0
E01000423	0
E01000425	0
E01000463	0
E01000424	0
E01000426	0
E01000427	0
E01000457	2
E01000462	1
E01000382	0
E01000384	0
E01000387	0
E01000428	1
E01000458	0
E01000459	0
E01000381	0
E01000383	1
E01000385	1
E01000386	1
E01000398	0
E01000399	0
E01000400	0
E01032566	1
E01009271	0
E01033557	0
E01033615	0
E01033620	0
E01033622	0
E01015285	0
E01016207	0
E01010808	0
E01000587	0
E01000589	0
E01000590	0
E01000592	0
E01000593	0
E01000594	0
E01000513	0
E01000514	0
E01000516	0
E01000520	0
E01000588	1
E01000515	0
E01000517	1
E01000543	0
E01000591	2
E01033463	0
E01000536	1
E01000538	0
E01000539	0
E01000540	0
E01000541	0
E01000518	0
E01000519	0
E01000623	0
E01000624	0
E01000629	0
E01000480	0
E01000484	0
E01000485	0
E01000486	0
E01000487	0
E01000572	0
E01000573	0
E01000574	0
E01000575	0
E01000577	1
E01000562	0
E01000563	0
E01000566	0
E01000568	1
E01000569	0
E01000479	0
E01000481	0
E01000482	2
E01000483	0
E01000625	1
E01000498	0
E01000622	0
E01000626	0
E01033464	0
E01000497	1
E01000499	1
E01000501	0
E01000502	0
E01000503	1
E01000570	0
E01000571	0
E01000576	0
E01000578	0
E01000564	0
E01000565	0
E01000607	0
E01000608	2
E01000613	0
E01000506	1
E01000509	0
E01000510	1
E01000511	0
E01000627	2
E01000628	1
E01000553	2
E01000554	0
E01000555	0
E01000556	2
E01000557	0
E01000558	1
E01000567	0
E01000606	0
E01000609	0
E01000611	0
E01000615	2
E01000617	0
E01000618	0
E01000619	0
E01033424	1
E01033457	2
E01000504	0
E01000505	0
E01000507	0
E01000512	1
E01000559	0
E01000610	0
E01000612	0
E01000631	0
E01000633	0
E01000634	0
E01000616	1
E01000620	0
E01000621	0
E01000635	2
E01000636	1
E01000596	1
E01000601	2
E01000602	0
E01000603	0
E01000604	0
E01000605	0
E01000488	0
E01000637	0
E01000639	0
E01000642	2
E01000644	0
E01000490	1
E01000494	0
E01000495	1
E01000560	1
E01000561	0
E01000638	1
E01000640	2
E01000641	1
E01000643	2
E01000508	2
E01000521	1
E01000522	0
E01000526	1
E01000527	1
E01000528	0
E01000471	0
E01000474	0
E01000476	0
E01000477	1
E01000630	1
E01000595	1
E01000599	0
E01000600	2
E01033456	1
E01000545	2
E01000546	0
E01000547	1
E01000548	2
E01000549	0
E01000472	1
E01000473	1
E01000475	1
E01000478	1
E01000632	2
E01000489	0
E01000491	1
E01000492	0
E01000493	1
E01000581	0
E01000523	1
E01000524	2
E01000525	0
E01000533	1
E01000535	1
E01033455	1
E01033485	2
E01000579	0
E01000580	2
E01000582	1
E01000583	1
E01000586	2
E01000530	0
E01000531	0
E01000532	1
E01000534	0
E01000584	0
E01000585	0
E01000544	0
E01000550	1
E01000551	1
E01000552	1
E01021468	0
E01033064	0
E01000779	1
E01000780	0
E01000781	0
E01000782	2
E01000783	1
E01000785	1
E01000689	0
E01000690	0
E01000691	0
E01000692	2
E01000784	0
E01000799	2
E01000802	0
E01000803	0
E01000804	0
E01000805	0
E01000740	2
E01000741	1
E01000742	1
E01000745	1
E01000746	0
E01000709	0
E01000710	0
E01000711	0
E01000714	2
E01000718	1
E01000645	0
E01000649	1
E01000694	0
E01000695	0
E01000696	0
E01000697	0
E01000674	1
E01000676	2
E01000820	0
E01000822	0
E01000823	0
E01000824	0
E01000825	0
E01000743	1
E01000744	0
E01000796	0
E01000798	1
E01000800	1
E01000806	1
E01000693	1
E01000698	0
E01000736	0
E01000737	1
E01000672	1
E01000673	0
E01000716	0
E01000717	0
E01000828	0
E01000712	1
E01000713	0
E01000715	0
E01000770	0
E01000772	0
E01000700	0
E01000702	0
E01000703	0
E01000706	0
E01000797	1
E01000729	1
E01000730	1
E01000735	0
E01000738	1
E01000739	0
E01000699	0
E01000701	0
E01000704	0
E01000705	0
E01000801	0
E01000646	1
E01000647	0
E01000648	0
E01000653	0
E01000678	0
E01000670	0
E01000675	2
E01000677	2
E01000762	0
E01000829	0
E01000719	2
E01000720	1
E01000721	0
E01000724	0
E01000728	1
E01000651	0
E01000668	1
E01000669	0
E01000671	0
E01000679	0
E01000826	0
E01000827	0
E01000830	0
E01000833	0
E01000650	0
E01000652	0
E01000807	1
E01000809	0
E01000722	1
E01000725	1
E01000731	0
E01000732	0
E01000733	1
E01000769	0
E01000773	0
E01000775	1
E01000777	0
E01000778	0
E01000808	0
E01000810	0
E01000811	0
E01000813	0
E01000815	0
E01000661	1
E01000662	0
E01000663	0
E01000664	0
E01000763	0
E01000764	0
E01000766	0
E01000767	0
E01000727	1
E01000734	0
E01000790	2
E01000812	0
E01000814	0
E01000723	0
E01000726	0
E01000787	0
E01000788	0
E01000791	0
E01000832	0
E01000835	1
E01000836	0
E01000837	0
E01000838	0
E01000839	0
E01000840	0
E01000841	0
E01000753	0
E01000754	0
E01000755	0
E01000757	0
E01000758	0
E01000786	0
E01000789	1
E01000792	0
E01000793	0
E01000795	0
E01000665	0
E01000666	0
E01000667	0
E01000756	1
E01000759	0
E01000760	0
E01000761	0
E01000765	0
E01000768	0
E01000681	0
E01000682	0
E01000683	0
E01000684	0
E01000794	0
E01000749	0
E01000750	0
E01000751	1
E01000752	0
E01000680	0
E01000685	0
E01000686	0
E01000687	0
E01000688	0
E01000654	0
E01000655	1
E01000656	0
E01000657	1
E01000659	0
E01000816	0
E01000818	0
E01000819	1
E01032562	0
E01032563	0
E01000707	0
E01000708	0
E01000771	0
E01000774	0
E01032568	1
E01000658	0
E01000747	1
E01000748	0
E01032570	1
E01023308	0
E01023310	0
E01023301	0
E01023336	0
E01000907	0
E01000908	0
E01000909	0
E01000912	1
E01000913	1
E01000893	0
E01000894	0
E01000895	0
E01000896	0
E01000899	0
E01000910	0
E01000911	0
E01000921	1
E01000923	0
E01000928	1
E01000878	0
E01000879	0
E01000880	0
E01000884	0
E01000885	0
E01000871	1
E01000872	1
E01000873	0
E01000874	0
E01000877	1
E01000886	0
E01000887	1
E01000888	1
E01000892	0
E01000903	0
E01000889	0
E01000890	1
E01000891	1
E01000901	1
E01000922	2
E01000927	1
E01000881	0
E01000882	0
E01000883	1
E01000897	0
E01000898	1
E01000866	1
E01000870	0
E01000924	0
E01000925	0
E01000926	0
E01000969	0
E01000970	0
E01000971	0
E01000972	2
E01000973	2
E01000842	0
E01000844	0
E01000848	1
E01000849	0
E01000900	1
E01000902	0
E01000904	1
E01000905	1
E01000906	0
E01000875	1
E01000876	1
E01000931	1
E01000932	0
E01000974	0
E01000843	0
E01000845	0
E01000846	0
E01000847	0
E01000864	1
E01000865	1
E01000867	2
E01000868	0
E01000869	1
E01000962	0
E01000964	0
E01000965	1
E01000968	0
E01000960	0
E01000961	1
E01000963	1
E01000967	0
E01000857	0
E01000858	2
E01000859	1
E01000860	0
E01000862	1
E01000856	2
E01000861	1
E01000957	0
E01000958	1
E01000959	0
E01000929	0
E01000930	2
E01000933	2
E01000934	0
E01000935	1
E01000863	2
E01000946	1
E01000947	2
E01000948	1
E01000952	1
E01000953	1
E01000954	0
E01000955	2
E01000956	2
E01000944	0
E01000945	2
E01000949	0
E01000950	1
E01000951	0
E01000936	0
E01000938	2
E01000939	2
E01000940	0
E01000853	1
E01000937	0
E01000941	0
E01000942	1
E01000943	0
E01000850	2
E01000851	2
E01000852	2
E01000854	2
E01000915	0
E01000916	2
E01000917	0
E01000920	1
E01000855	2
E01000914	2
E01000918	2
E01000919	2
E01021516	0
E01017593	0
E01021613	0
E01028468	0
E01017792	0
E01017755	0
E01000001	0
E01000005	0
E01032739	0
E01032740	0
E01031599	0
E01001137	1
E01001138	1
E01001156	0
E01001162	0
E01001164	1
E01001084	0
E01001157	0
E01001159	0
E01001160	1
E01001163	0
E01001083	0
E01001086	0
E01001087	2
E01001161	0
E01001085	1
E01001088	0
E01001089	1
E01001090	1
E01001091	0
E01001147	0
E01001148	0
E01001151	1
E01001152	1
E01001158	0
E01001146	0
E01001149	0
E01001150	0
E01001153	0
E01001154	1
E01001136	1
E01001139	0
E01001140	0
E01001142	1
E01001144	1
E01001141	0
E01001143	1
E01001145	1
E01001191	2
E01001192	2
E01000994	0
E01000995	0
E01000996	0
E01000997	0
E01000999	0
E01001002	0
E01000998	1
E01001000	1
E01001003	0
E01001111	1
E01001155	2
E01001174	0
E01001175	0
E01001176	1
E01001182	1
E01001183	1
E01001184	0
E01001001	0
E01001109	1
E01001112	0
E01001113	0
E01001114	1
E01001116	1
E01000992	1
E01001185	0
E01001186	1
E01001188	1
E01001193	0
E01001004	1
E01001115	0
E01001117	1
E01001178	1
E01001181	1
E01001006	2
E01001007	0
E01001177	1
E01001179	0
E01001180	1
E01000980	0
E01000981	0
E01000982	1
E01000983	0
E01001187	1
E01000989	1
E01000991	0
E01001131	0
E01001132	0
E01001134	0
E01001005	2
E01001008	0
E01001009	0
E01001010	2
E01001011	1
E01001012	1
E01001013	2
E01001048	2
E01001110	1
E01001118	2
E01000985	0
E01000986	0
E01000987	0
E01000993	0
E01000975	1
E01000976	2
E01000977	0
E01000978	0
E01000979	0
E01000984	0
E01001044	0
E01001046	0
E01001049	0
E01001050	0
E01001014	2
E01001042	2
E01001165	1
E01001166	0
E01001168	1
E01001127	0
E01001128	0
E01001130	0
E01001135	0
E01001062	0
E01001063	0
E01001064	1
E01001129	0
E01001133	0
E01001035	0
E01001043	2
E01001045	2
E01001047	0
E01001170	0
E01001167	2
E01001169	1
E01001171	1
E01001172	2
E01001173	1
E01001036	0
E01001037	0
E01001038	0
E01001039	0
E01001040	1
E01001051	0
E01001052	0
E01001054	0
E01001056	1
E01001057	0
E01001033	1
E01001034	0
E01001041	0
E01001095	0
E01001100	0
E01001053	0
E01001055	0
E01001077	0
E01001078	1
E01001082	1
E01001120	0
E01001122	0
E01001123	0
E01001124	0
E01001125	1
E01001058	0
E01001059	0
E01001060	1
E01001061	0
E01001065	1
E01001066	0
E01001119	0
E01001126	0
E01001032	0
E01001101	0
E01001102	0
E01001107	0
E01001108	0
E01001076	2
E01001079	0
E01001080	0
E01001081	0
E01001073	0
E01001092	0
E01001093	1
E01001096	0
E01001097	2
E01001098	0
E01001028	0
E01001029	0
E01001030	0
E01001031	0
E01001094	0
E01001103	0
E01001105	0
E01001106	0
E01001121	0
E01001069	0
E01001070	0
E01001075	0
E01001099	0
E01001015	0
E01001016	0
E01001023	2
E01001067	0
E01001074	1
E01001068	0
E01001071	0
E01001104	0
E01001017	0
E01001024	0
E01001025	0
E01001026	0
E01001027	0
E01001018	0
E01001020	0
E01001021	0
E01001022	0
E01000990	0
E01001189	0
E01001190	0
E01001194	0
E01032569	1
E01023373	0
E01001269	1
E01001271	1
E01001309	1
E01001310	0
E01001311	1
E01001307	0
E01001308	0
E01001312	1
E01001313	0
E01001314	0
E01001315	0
E01001316	1
E01001317	0
E01001318	0
E01001320	1
E01001321	0
E01001270	1
E01001319	0
E01001322	1
E01001323	1
E01001341	0
E01001342	0
E01001343	0
E01001345	0
E01001265	1
E01001266	2
E01001267	1
E01001272	1
E01001349	0
E01001344	1
E01001346	0
E01001347	2
E01001348	2
E01001257	2
E01001324	0
E01001326	0
E01001330	1
E01001332	1
E01001325	1
E01001327	1
E01001328	1
E01001329	1
E01001331	0
E01001258	0
E01001262	0
E01001263	0
E01001264	0
E01032743	0
E01032744	2
E01001276	1
E01001277	1
E01001278	1
E01001280	1
E01001218	0
E01001260	1
E01001261	2
E01001268	0
E01001209	0
E01001211	0
E01001279	0
E01001281	0
E01001217	0
E01001259	1
E01001291	1
E01001292	0
E01001293	0
E01001196	1
E01001238	2
E01001239	1
E01001246	1
E01001247	2
E01001210	0
E01001282	0
E01001283	1
E01001285	0
E01001286	0
E01001287	0
E01001294	1
E01001295	0
E01001296	0
E01001297	0
E01001298	1
E01001204	0
E01001205	0
E01001206	0
E01001207	1
E01001208	0
E01001212	0
E01001222	2
E01001224	0
E01001226	0
E01001227	0
E01001228	0
E01001221	2
E01001223	0
E01001225	2
E01001235	0
E01001236	0
E01001273	0
E01001274	0
E01001275	0
E01001195	0
E01001197	0
E01001198	0
E01001199	1
E01001284	0
E01001288	0
E01001289	0
E01001290	1
E01001213	0
E01001214	0
E01001215	1
E01001216	0
E01001361	2
E01001240	0
E01001241	0
E01001242	0
E01001243	1
E01001244	1
E01001245	1
E01001200	0
E01001201	0
E01001202	2
E01001203	2
E01001351	2
E01001359	0
E01001360	2
E01001362	1
E01001363	1
E01001364	1
E01001365	2
E01001231	1
E01001234	1
E01001350	0
E01001352	0
E01001354	2
E01001249	2
E01001250	1
E01001255	0
E01001383	0
E01001388	1
E01001389	1
E01001219	0
E01001220	1
E01001334	1
E01001337	2
E01001338	2
E01001339	1
E01001340	0
E01001251	1
E01001252	2
E01001253	0
E01001254	1
E01001229	0
E01001230	0
E01001232	0
E01001233	1
E01001237	0
E01001386	1
E01001303	0
E01001382	0
E01001384	0
E01001385	0
E01001387	1
E01001353	0
E01001355	1
E01001356	1
E01001357	0
E01001358	1
E01001375	0
E01001377	0
E01001379	0
E01001381	1
E01001248	1
E01001299	0
E01001305	0
E01001306	0
E01001366	1
E01001367	1
E01001368	0
E01001370	2
E01001371	1
E01001372	1
E01001373	1
E01001333	2
E01001335	0
E01001336	0
E01001369	2
E01001300	0
E01001301	0
E01001302	0
E01001304	0
E01001374	0
E01001376	1
E01001380	0
E01032572	0
E01030330	0
E01001444	0
E01001446	0
E01001546	0
E01001552	1
E01001442	0
E01001545	1
E01001547	1
E01001548	1
E01001551	1
E01001445	2
E01001447	1
E01001448	1
E01001449	0
E01033148	0
E01033150	1
E01001408	0
E01001411	0
E01001412	1
E01001413	0
E01001414	0
E01001407	0
E01001409	1
E01001410	1
E01001516	1
E01001537	0
E01001439	1
E01001441	1
E01001517	1
E01001549	2
E01001550	0
E01001433	1
E01001434	0
E01001435	0
E01001436	0
E01001438	1
E01001469	0
E01001536	2
E01001540	0
E01001541	0
E01001542	0
E01001538	0
E01001539	0
E01001543	0
E01001544	0
E01001457	1
E01001468	1
E01001471	0
E01001472	0
E01001474	0
E01001415	1
E01001417	0
E01001418	1
E01001422	0
E01001440	2
E01001504	1
E01001505	1
E01001507	2
E01001508	1
E01001513	2
E01001416	0
E01001470	0
E01001473	0
E01001475	0
E01001437	2
E01001506	1
E01001509	1
E01001510	1
E01001405	0
E01001406	1
E01001450	1
E01001512	0
E01001515	1
E01001401	1
E01001478	0
E01001484	0
E01001511	2
E01001514	0
E01001518	1
E01001451	1
E01001452	0
E01001453	0
E01001454	0
E01001476	0
E01001477	1
E01001481	0
E01001502	1
E01001503	0
E01001520	0
E01001522	1
E01001523	0
E01001524	0
E01001419	0
E01001420	0
E01001421	0
E01001519	2
E01001525	0
E01001398	0
E01001399	0
E01001400	0
E01001402	0
E01001403	0
E01001455	1
E01001456	0
E01001564	0
E01001567	0
E01001568	0
E01001569	1
E01001479	2
E01001482	0
E01001487	1
E01001489	0
E01001491	1
E01001459	0
E01001460	1
E01001462	1
E01001480	0
E01001488	0
E01001483	0
E01001485	1
E01001486	1
E01001492	0
E01033146	0
E01033151	1
E01001404	0
E01001493	0
E01001494	0
E01001496	0
E01001570	1
E01001423	1
E01001425	2
E01001428	0
E01001461	1
E01001464	0
E01001521	0
E01001531	0
E01001532	0
E01001533	0
E01001535	0
E01001495	0
E01001498	1
E01001563	0
E01001565	0
E01001566	0
E01001424	1
E01001426	0
E01001427	1
E01001429	2
E01001430	2
E01001463	0
E01001465	1
E01001466	0
E01001467	0
E01001497	0
E01001499	0
E01001392	0
E01001528	0
E01001529	1
E01001530	0
E01001534	1
E01001431	0
E01001432	2
E01001555	2
E01001557	0
E01001558	1
E01001559	2
E01001394	0
E01001395	1
E01001397	0
E01001500	0
E01001556	0
E01001560	0
E01001390	0
E01001391	1
E01001393	0
E01001396	0
E01001501	2
E01001527	1
E01001458	1
E01001553	0
E01001554	1
E01001562	0
E01032574	1
E01021800	0
E01021806	0
E01021789	0
E01021781	0
E01021749	0
E01021752	0
E01021764	0
E01021766	0
E01030389	0
E01030393	0
E01022814	0
E01026634	0
E01001690	0
E01001692	0
E01001693	1
E01001694	1
E01001687	1
E01001688	2
E01033739	1
E01033740	1
E01033741	1
E01033743	1
E01033745	0
E01001575	1
E01001576	2
E01001577	1
E01001578	1
E01001579	0
E01001709	1
E01001711	0
E01001712	1
E01033731	2
E01033734	0
E01033735	2
E01033736	0
E01033737	2
E01001705	1
E01001706	0
E01001708	1
E01001710	0
E01001713	1
E01001672	1
E01001673	1
E01001674	0
E01001675	2
E01001677	0
E01001631	0
E01001632	0
E01001635	0
E01001636	0
E01033742	0
E01033744	0
E01001571	0
E01001572	0
E01001573	0
E01001574	1
E01001629	1
E01001633	0
E01001634	1
E01001637	0
E01001695	0
E01001696	2
E01001697	0
E01001700	1
E01001703	0
E01001704	0
E01001588	0
E01001589	1
E01001591	1
E01001595	1
E01001590	0
E01001592	0
E01001593	0
E01001594	0
E01001698	0
E01001699	0
E01001701	1
E01001702	0
E01001581	0
E01001585	0
E01001586	0
E01001587	0
E01001678	0
E01001683	1
E01001684	0
E01001685	0
E01001646	1
E01001650	0
E01001651	1
E01001652	1
E01001679	0
E01001680	0
E01001681	0
E01001682	0
E01001686	0
E01001580	1
E01001582	1
E01001583	0
E01001584	0
E01001645	0
E01001647	0
E01001648	0
E01001649	0
E01001605	0
E01001606	0
E01001610	0
E01001611	0
E01001620	1
E01001621	2
E01001623	0
E01001624	0
E01001625	0
E01001604	0
E01001607	0
E01001608	0
E01001609	1
E01001613	1
E01001614	1
E01001615	2
E01001617	0
E01001653	0
E01001654	0
E01001655	1
E01001660	0
E01001661	0
E01001618	1
E01001619	0
E01033729	0
E01001597	0
E01001598	1
E01001602	0
E01001603	0
E01001596	0
E01001599	1
E01001600	0
E01001601	0
E01001669	1
E01001671	0
E01001676	0
E01032567	0
E01001656	0
E01001657	0
E01001658	0
E01001659	0
E01033726	1
E01001640	2
E01033727	0
E01033728	0
E01033730	1
E01001666	2
E01001667	2
E01001668	1
E01033732	0
E01033733	0
E01001662	1
E01001664	1
E01001665	0
E01033738	2
E01001638	1
E01001641	2
E01001642	1
E01001644	2
E01033746	0
E01001808	2
E01001809	0
E01001814	1
E01001823	0
E01001825	0
E01001714	0
E01001811	0
E01001813	1
E01033701	0
E01001799	0
E01001802	0
E01001804	0
E01001807	1
E01001812	0
E01001725	1
E01001726	0
E01001800	1
E01001824	1
E01001826	0
E01001723	0
E01001724	1
E01001727	0
E01001768	1
E01001769	0
E01001715	0
E01001716	2
E01001717	0
E01001718	0
E01001719	0
E01001720	0
E01001742	1
E01001801	0
E01001803	1
E01001806	1
E01001741	0
E01001805	0
E01001829	0
E01001831	2
E01001832	0
E01001764	1
E01001765	0
E01001767	0
E01001770	0
E01033703	1
E01033713	1
E01001792	1
E01001793	1
E01001794	2
E01001795	0
E01001796	0
E01001736	0
E01001737	1
E01001738	0
E01001739	1
E01001786	1
E01001788	1
E01001790	0
E01001740	1
E01001747	2
E01001830	0
E01001833	2
E01001834	1
E01001835	0
E01001733	1
E01001785	0
E01001789	1
E01001791	0
E01001745	1
E01001746	1
E01001757	0
E01001758	1
E01001759	0
E01001761	1
E01001731	2
E01001734	2
E01001760	2
E01001762	2
E01001846	0
E01001847	0
E01001848	1
E01001849	1
E01001729	2
E01001730	2
E01001732	0
E01001735	0
E01001838	0
E01001850	2
E01001748	2
E01001749	1
E01001763	1
E01001816	1
E01001819	1
E01001744	0
E01001750	1
E01001751	1
E01001756	1
E01033698	0
E01033699	2
E01033700	2
E01033707	2
E01001836	1
E01001840	1
E01001841	1
E01001844	1
E01001845	1
E01001837	1
E01001839	2
E01001842	1
E01001843	0
E01033704	2
E01033712	2
E01001772	0
E01001774	1
E01001775	1
E01001815	0
E01001820	0
E01001821	0
E01001752	1
E01001753	0
E01001754	0
E01001755	1
E01001773	1
E01001776	1
E01001779	2
E01001781	0
E01001782	0
E01001783	0
E01001777	2
E01001780	2
E01001784	1
E01033706	2
E01033708	2
E01033709	1
E01033711	1
E01001798	1
E01001828	1
E01033702	1
E01033705	0
E01033710	0
E01001722	1
E01001728	1
E01001822	1
E01001827	1
E01001874	2
E01001875	1
E01001876	2
E01001877	1
E01001878	0
E01001955	1
E01001957	0
E01001958	1
E01001961	0
E01001954	1
E01001956	2
E01001959	1
E01001960	0
E01001943	2
E01001944	0
E01001945	1
E01001946	1
E01001862	1
E01001940	1
E01001941	2
E01001942	2
E01001858	1
E01001860	1
E01001861	1
E01001863	1
E01001864	0
E01001852	1
E01001853	0
E01001854	0
E01001857	2
E01001859	0
E01001865	0
E01001927	0
E01001930	0
E01001895	1
E01001896	0
E01001897	1
E01001929	0
E01001851	0
E01001855	0
E01001856	0
E01001869	1
E01001873	0
E01001928	0
E01001931	0
E01001932	2
E01001933	1
E01001866	1
E01001867	0
E01001868	0
E01001870	1
E01001871	0
E01001872	0
E01001893	1
E01001894	2
E01001898	2
E01001899	2
E01001900	1
E01001889	1
E01001910	0
E01001914	2
E01001885	0
E01001908	0
E01001909	1
E01001911	0
E01001912	1
E01001886	1
E01001887	1
E01001890	1
E01001892	0
E01001880	0
E01001881	2
E01001882	0
E01001883	0
E01001884	2
E01001888	1
E01001891	2
E01001917	0
E01001918	0
E01001919	0
E01001879	0
E01001901	0
E01001902	0
E01001903	1
E01001920	1
E01001921	1
E01001922	1
E01001923	1
E01001924	0
E01001947	0
E01001948	1
E01001949	0
E01001950	1
E01001951	1
E01001953	2
E01001904	1
E01001905	1
E01001906	0
E01001907	0
E01001935	0
E01001939	1
E01032788	0
E01032789	0
E01032790	0
E01001915	2
E01001916	0
E01001926	0
E01001952	1
E01001925	0
E01001934	0
E01001937	1
E01001938	1
E01001969	2
E01001971	1
E01001974	1
E01001975	1
E01002036	1
E01002037	2
E01002039	1
E01002040	1
E01001962	0
E01001970	2
E01001972	1
E01001973	2
E01002090	0
E01002093	1
E01002096	0
E01002097	1
E01002091	1
E01002092	1
E01002094	0
E01002095	2
E01002098	2
E01002101	0
E01002102	0
E01002105	1
E01002099	1
E01002100	1
E01002103	0
E01002104	0
E01001963	1
E01001964	0
E01001966	1
E01002027	0
E01002028	0
E01002032	1
E01002033	1
E01001976	1
E01001977	0
E01001978	1
E01001979	1
E01002074	2
E01002077	2
E01002079	0
E01002081	2
E01002082	0
E01002086	1
E01002088	0
E01002089	1
E01001967	0
E01001968	1
E01001996	0
E01001997	1
E01002075	1
E01002076	1
E01002078	1
E01002080	2
E01002026	2
E01002029	2
E01002030	1
E01002031	2
E01001991	1
E01001992	1
E01001993	0
E01001995	1
E01001980	1
E01001981	1
E01001982	0
E01001983	0
E01002083	0
E01002084	1
E01002085	1
E01002087	0
E01002014	1
E01002015	0
E01002018	0
E01033085	0
E01033086	0
E01002020	0
E01002022	2
E01002023	0
E01002025	0
E01002013	0
E01002019	0
E01002021	0
E01002024	0
E01001998	0
E01001999	0
E01002003	2
E01002004	0
E01002067	1
E01002069	2
E01002070	1
E01002073	1
E01002066	1
E01002068	2
E01002071	1
E01002072	2
E01002043	1
E01002045	1
E01002046	1
E01002049	1
E01002042	0
E01002044	1
E01002047	0
E01002048	1
E01002016	0
E01002017	1
E01002059	0
E01002060	0
E01002050	0
E01002051	0
E01002052	0
E01002055	1
E01001994	0
E01002008	0
E01002010	1
E01002011	1
E01002000	1
E01002001	1
E01002002	2
E01002058	2
E01002053	0
E01002054	1
E01002056	1
E01002057	1
E01001984	0
E01001985	0
E01001987	0
E01001989	1
E01001986	0
E01001988	0
E01001990	2
E01002062	1
E01002005	0
E01002006	0
E01002007	0
E01002009	1
E01002061	0
E01002063	0
E01002064	0
E01002065	1
E01002034	2
E01002038	0
E01002041	1
E01032575	1
E01002112	0
E01002114	0
E01002225	0
E01002226	1
E01002113	0
E01002115	0
E01002116	0
E01002117	0
E01002118	1
E01002227	1
E01002228	0
E01002229	1
E01002230	0
E01002144	1
E01002147	0
E01002149	0
E01002140	0
E01002141	0
E01002142	1
E01002143	0
E01002145	0
E01002139	0
E01002148	0
E01002150	1
E01002151	0
E01002152	0
E01002119	1
E01002120	0
E01002121	0
E01002122	0
E01002123	0
E01002106	0
E01002108	0
E01002109	0
E01002110	0
E01002111	1
E01002185	0
E01002186	1
E01002187	1
E01002190	0
E01002124	1
E01002125	1
E01002198	0
E01002200	0
E01002203	0
E01002232	1
E01002233	1
E01002234	0
E01002235	0
E01002236	2
E01002107	0
E01002197	0
E01002199	0
E01002201	0
E01002202	1
E01002179	1
E01002180	1
E01002183	0
E01002184	0
E01002231	0
E01002154	0
E01002156	0
E01002162	0
E01002163	0
E01002188	0
E01002189	1
E01002192	0
E01002193	0
E01002165	0
E01002166	0
E01002167	0
E01002168	0
E01002169	1
E01002153	0
E01002155	0
E01002157	2
E01002158	0
E01002128	0
E01002130	2
E01002181	0
E01002182	0
E01002159	0
E01002160	0
E01002161	0
E01002164	0
E01002191	0
E01002194	0
E01002195	0
E01002196	0
E01002126	1
E01002127	0
E01002129	2
E01002131	0
E01002237	0
E01002238	0
E01002240	0
E01002242	0
E01002208	0
E01002209	1
E01002239	0
E01002241	1
E01002133	2
E01002136	0
E01002138	0
E01002213	1
E01002211	0
E01002212	0
E01002216	0
E01002217	0
E01002132	0
E01002134	0
E01002135	0
E01002137	0
E01002218	0
E01002219	2
E01002221	1
E01002222	0
E01002214	1
E01002215	1
E01002220	0
E01002223	0
E01002224	0
E01002204	0
E01002206	0
E01002207	0
E01002210	0
E01032576	0
E01002170	0
E01002171	0
E01002172	0
E01002173	0
E01002174	0
E01002175	0
E01002176	0
E01002177	0
E01002178	0
E01002276	1
E01002278	1
E01002312	0
E01002313	0
E01002277	1
E01002279	0
E01002281	0
E01002283	0
E01002299	0
E01002301	0
E01002303	1
E01002304	0
E01002306	0
E01002307	0
E01002280	0
E01002282	2
E01002284	0
E01002297	1
E01002314	1
E01002316	1
E01002302	0
E01002305	0
E01002308	1
E01002326	1
E01002331	0
E01002309	0
E01002310	1
E01002311	0
E01002315	0
E01002293	2
E01002294	0
E01002296	0
E01002298	0
E01002300	0
E01002333	0
E01002334	0
E01002336	0
E01002339	0
E01002341	0
E01002327	0
E01002328	0
E01002332	0
E01002335	0
E01002338	0
E01002340	0
E01002268	0
E01002269	0
E01002295	0
E01002377	0
E01002378	0
E01002383	0
E01002244	0
E01002245	1
E01002325	0
E01002329	0
E01002330	0
E01002337	0
E01002354	0
E01002376	0
E01002379	0
E01002380	1
E01002381	0
E01002243	1
E01002353	2
E01002356	2
E01032741	2
E01032742	1
E01002272	0
E01002274	0
E01002317	0
E01002318	0
E01002355	0
E01002382	0
E01002270	0
E01002271	0
E01002273	0
E01002275	0
E01002319	1
E01002350	1
E01002351	0
E01002352	0
E01002358	1
E01002246	1
E01002247	0
E01002248	1
E01002249	1
E01002250	0
E01002251	0
E01002252	0
E01002256	0
E01002258	0
E01002259	0
E01002391	0
E01002253	0
E01002254	0
E01002257	0
E01002384	0
E01002360	0
E01002361	2
E01002363	0
E01002367	1
E01002320	0
E01002321	1
E01002322	0
E01002323	0
E01002324	0
E01002255	0
E01002289	0
E01002292	0
E01002362	0
E01002386	1
E01002287	0
E01002291	0
E01002364	0
E01002365	1
E01002366	0
E01002385	0
E01002387	0
E01002388	0
E01002389	0
E01002390	0
E01002265	0
E01002285	0
E01002288	0
E01002290	0
E01002260	1
E01002261	0
E01002262	0
E01002263	0
E01002264	0
E01002266	0
E01002267	0
E01002372	0
E01002373	0
E01002374	0
E01002368	2
E01002369	0
E01002370	1
E01002371	0
E01002375	0
E01002343	0
E01002344	1
E01002348	0
E01002349	0
E01002342	0
E01002345	2
E01002346	0
E01002347	0
E01023575	0
E01002473	0
E01002475	0
E01002476	0
E01002477	0
E01002482	0
E01002472	1
E01002474	0
E01002478	0
E01002483	0
E01002484	0
E01002485	2
E01002438	0
E01002439	1
E01002440	0
E01002441	1
E01002442	1
E01002433	1
E01002436	0
E01002479	0
E01002480	0
E01002481	0
E01002533	0
E01002534	0
E01002538	1
E01002539	0
E01002418	0
E01002419	0
E01002431	0
E01002432	1
E01002437	0
E01002430	0
E01002434	0
E01002435	0
E01002470	1
E01002535	2
E01002416	0
E01002417	1
E01002420	0
E01002421	0
E01002471	0
E01002465	0
E01002467	0
E01002494	0
E01002536	0
E01002537	0
E01002415	0
E01002466	0
E01002468	0
E01002469	0
E01002495	0
E01002458	0
E01002459	0
E01002460	0
E01002462	0
E01002464	0
E01002461	0
E01002463	0
E01002512	1
E01002513	0
E01002516	0
E01002450	0
E01002451	0
E01002452	0
E01002453	0
E01002454	1
E01002414	1
E01002514	2
E01002515	2
E01033725	1
E01002520	1
E01002521	2
E01002523	0
E01033724	1
E01002410	1
E01002412	1
E01002456	0
E01002509	0
E01002511	1
E01002422	1
E01002423	0
E01002424	0
E01002425	0
E01002427	0
E01002428	0
E01002408	0
E01002409	0
E01002429	0
E01002455	1
E01002457	1
E01002392	0
E01002393	0
E01002540	1
E01002542	2
E01002543	0
E01002394	0
E01002395	0
E01002397	1
E01002398	0
E01002399	0
E01002426	0
E01002411	0
E01002413	0
E01002518	0
E01002519	1
E01002550	1
E01002554	2
E01002541	1
E01002544	1
E01002545	1
E01002546	1
E01002547	0
E01002400	0
E01002401	2
E01002402	0
E01002403	1
E01002404	0
E01002548	1
E01002549	1
E01002551	0
E01002552	0
E01002553	1
E01002396	1
E01002501	1
E01002502	0
E01002505	2
E01002508	2
E01002405	0
E01002406	2
E01002503	2
E01002504	2
E01002506	2
E01002507	2
E01002486	1
E01002487	0
E01002526	1
E01002528	0
E01002532	1
E01002445	1
E01002525	0
E01002529	1
E01002530	1
E01002531	0
E01002407	2
E01002488	0
E01002489	0
E01002490	1
E01002492	0
E01002444	2
E01002446	1
E01002447	2
E01002527	1
E01002443	1
E01002448	1
E01002449	1
E01002491	1
E01002493	0
E01002496	1
E01002497	1
E01002498	0
E01002499	0
E01032577	0
E01002569	0
E01002570	1
E01002573	1
E01002574	1
E01002575	1
E01002562	1
E01002564	1
E01002566	2
E01002568	1
E01033081	1
E01033082	0
E01002620	1
E01002625	1
E01002626	1
E01002627	0
E01002631	0
E01002633	1
E01002634	1
E01002637	1
E01002638	1
E01002563	0
E01002565	1
E01002567	0
E01002684	2
E01002686	1
E01002571	0
E01002572	1
E01002577	1
E01002578	1
E01002689	0
E01002690	0
E01002576	1
E01002579	1
E01002580	1
E01002581	0
E01002582	1
E01002675	1
E01002678	2
E01002679	1
E01002680	0
E01002619	0
E01002622	1
E01002632	0
E01002635	1
E01002636	0
E01002618	0
E01002621	0
E01002623	0
E01002628	0
E01002629	1
E01002630	0
E01002639	1
E01002640	2
E01002674	0
E01002676	0
E01002583	0
E01002584	1
E01002585	1
E01002586	0
E01002589	1
E01002668	1
E01002669	1
E01002681	1
E01002682	2
E01002683	0
E01002642	2
E01002643	1
E01002645	1
E01002658	0
E01002677	1
E01002587	1
E01002588	1
E01002660	1
E01002661	1
E01002665	0
E01002624	1
E01002646	1
E01002662	2
E01002663	1
E01002664	2
E01002641	2
E01002648	1
E01002649	2
E01002657	0
E01033083	2
E01033084	1
E01002653	0
E01002654	0
E01002655	0
E01002656	0
E01002659	0
E01002667	1
E01002670	0
E01002671	0
E01002672	1
E01002673	0
E01002647	0
E01002650	1
E01002651	1
E01002652	0
E01002666	0
E01002555	1
E01002556	1
E01002590	0
E01002592	2
E01002595	1
E01002557	2
E01002558	1
E01002559	1
E01002560	1
E01002561	0
E01002591	0
E01002593	1
E01002594	0
E01002611	0
E01002612	1
E01002613	0
E01002598	2
E01002599	0
E01002600	0
E01002603	0
E01033000	2
E01033030	1
E01002604	1
E01002605	1
E01002606	0
E01002607	2
E01002615	1
E01002596	0
E01002601	0
E01002602	0
E01002614	1
E01002616	0
E01002608	1
E01002609	0
E01002610	1
E01002617	0
E01002687	1
E01002691	0
E01002692	1
E01002693	2
E01032573	2
E01002755	0
E01002756	1
E01002758	1
E01002804	0
E01002807	0
E01002811	1
E01002753	0
E01002754	0
E01002757	0
E01002759	0
E01002760	1
E01002772	2
E01002735	2
E01002805	2
E01002806	0
E01002808	1
E01002809	0
E01002810	1
E01002768	0
E01002770	2
E01002771	1
E01002774	1
E01002732	2
E01002734	2
E01002736	1
E01002737	1
E01002751	0
E01002742	1
E01002747	2
E01002748	1
E01002749	0
E01033494	0
E01002730	1
E01002731	2
E01002733	0
E01002763	1
E01002769	1
E01002785	1
E01002788	1
E01002789	0
E01002738	1
E01002741	1
E01002743	0
E01002744	0
E01002752	0
E01002764	1
E01002783	1
E01002784	0
E01002786	1
E01002787	0
E01002762	1
E01002767	0
E01033486	0
E01033487	0
E01033488	1
E01033491	2
E01033492	0
E01002777	0
E01002778	0
E01002779	1
E01002781	0
E01002782	0
E01002739	1
E01002740	1
E01002745	0
E01002795	2
E01002796	1
E01002716	1
E01002718	0
E01002721	0
E01002775	0
E01002776	1
E01002780	0
E01002708	1
E01002712	1
E01002713	1
E01002765	2
E01002766	1
E01002717	0
E01002719	0
E01002720	1
E01002790	0
E01002791	0
E01002793	1
E01002698	1
E01002699	0
E01002700	0
E01002714	1
E01002792	1
E01002722	0
E01002797	2
E01002798	1
E01002799	0
E01002800	0
E01002694	1
E01002697	1
E01002709	0
E01002710	2
E01002715	1
E01002696	2
E01002794	2
E01002801	1
E01002802	0
E01002803	2
E01002695	2
E01002711	2
E01002727	1
E01002728	0
E01002729	0
E01002707	1
E01002723	1
E01002724	2
E01002725	0
E01002726	2
E01033489	0
E01033490	1
E01002701	1
E01002702	1
E01002703	1
E01002704	2
E01002706	1
E01002852	2
E01002853	0
E01002854	1
E01002855	2
E01002857	0
E01002904	0
E01002905	1
E01002906	1
E01002907	0
E01002876	1
E01002877	1
E01002878	1
E01002908	1
E01002909	1
E01002829	1
E01002830	1
E01002831	2
E01002832	2
E01002856	1
E01002870	0
E01002872	0
E01002879	1
E01002880	0
E01002881	0
E01002882	0
E01002883	2
E01002884	1
E01002885	1
E01002886	2
E01002833	1
E01002871	1
E01002873	1
E01002874	0
E01002875	0
E01002824	0
E01002825	1
E01002826	1
E01002827	1
E01002828	0
E01002864	0
E01002866	0
E01002867	1
E01002868	0
E01002869	0
E01002887	0
E01002889	2
E01002890	0
E01002891	0
E01002892	0
E01002813	0
E01002815	0
E01002816	1
E01002817	1
E01002865	0
E01002818	2
E01002819	2
E01002859	2
E01002860	1
E01002863	0
E01002812	0
E01002834	0
E01002839	0
E01002850	2
E01002888	0
E01002821	2
E01002823	0
E01002858	1
E01002861	1
E01002862	0
E01002814	1
E01002847	1
E01002848	1
E01002851	2
E01002820	1
E01002822	0
E01002835	2
E01002836	0
E01002837	0
E01002846	0
E01002849	0
E01002893	1
E01002894	1
E01002898	1
E01002899	1
E01002900	1
E01002901	0
E01002902	1
E01002903	1
E01002844	0
E01002845	0
E01002910	1
E01002911	1
E01002914	2
E01002838	0
E01002895	1
E01002896	0
E01002897	0
E01002912	1
E01002840	1
E01002841	1
E01002842	1
E01002843	1
E01002913	0
E01003006	0
E01003007	0
E01003008	0
E01003009	0
E01003010	0
E01002952	0
E01002953	0
E01002955	0
E01002956	0
E01002959	0
E01002935	0
E01002938	0
E01002951	0
E01002954	0
E01002957	1
E01002933	0
E01002934	0
E01002937	0
E01003011	1
E01033568	1
E01033569	1
E01002964	1
E01002969	1
E01002971	0
E01002972	1
E01002974	0
E01002932	0
E01002960	0
E01002962	0
E01002970	1
E01002973	0
E01002929	0
E01002930	2
E01002931	1
E01002963	0
E01002985	0
E01002927	0
E01002928	0
E01002958	0
E01002961	0
E01002986	0
E01002965	1
E01002967	0
E01002968	2
E01002990	0
E01002991	0
E01002922	0
E01002926	0
E01002966	0
E01002992	0
E01002921	0
E01002987	2
E01002988	0
E01002989	0
E01002975	0
E01002977	0
E01002980	0
E01002981	0
E01002984	0
E01002923	1
E01002925	0
E01002993	0
E01002995	0
E01002999	0
E01002915	0
E01002916	0
E01002920	0
E01002924	0
E01002976	0
E01002978	0
E01002979	0
E01002982	0
E01002983	0
E01002994	0
E01002996	0
E01002997	0
E01002998	0
E01003002	1
E01002918	0
E01002919	1
E01003000	1
E01003001	0
E01003003	0
E01002939	0
E01002941	0
E01002942	0
E01003004	0
E01003005	0
E01002944	0
E01002945	0
E01002946	0
E01002947	0
E01002940	0
E01002943	0
E01002948	1
E01002949	0
E01002950	0
E01011232	0
E01011070	0
E01003015	0
E01003108	2
E01003110	1
E01003111	0
E01003112	0
E01003101	0
E01003105	1
E01003106	0
E01003107	1
E01003109	2
E01003102	2
E01003104	1
E01003122	0
E01003129	1
E01033207	2
E01033208	1
E01003098	0
E01003099	2
E01003100	1
E01003180	1
E01003183	1
E01003097	1
E01003121	0
E01003123	1
E01003124	0
E01003125	0
E01003181	1
E01003184	2
E01003185	1
E01003186	2
E01003187	0
E01003089	2
E01003091	1
E01003092	1
E01003126	1
E01003128	1
E01003046	0
E01003048	1
E01003075	0
E01003182	1
E01003188	0
E01003088	0
E01003093	1
E01003094	0
E01003096	1
E01003127	1
E01003045	1
E01003047	2
E01003049	1
E01003059	1
E01003060	0
E01003061	1
E01003034	1
E01003035	1
E01003036	1
E01003090	1
E01003095	0
E01003037	1
E01003038	0
E01003039	2
E01003040	0
E01003042	0
E01003072	0
E01003073	1
E01003076	2
E01003077	0
E01003078	0
E01003019	1
E01003053	1
E01003054	1
E01003056	0
E01003058	2
E01003020	1
E01003050	1
E01003052	1
E01003055	2
E01003176	1
E01003029	0
E01003032	0
E01003041	2
E01003057	1
E01003043	1
E01003044	0
E01003051	2
E01003071	0
E01003074	2
E01003026	1
E01003027	0
E01003028	1
E01003030	2
E01003033	0
E01003018	1
E01003171	1
E01003173	1
E01003177	1
E01003178	1
E01003021	1
E01003022	0
E01003023	1
E01003024	2
E01003025	1
E01003136	0
E01003137	1
E01003159	1
E01003160	1
E01003162	0
E01003031	0
E01003156	0
E01003157	0
E01003158	0
E01003161	0
E01003163	1
E01003132	0
E01003172	1
E01003174	0
E01003175	0
E01003164	1
E01003165	0
E01003168	0
E01003169	1
E01003170	0
E01003130	0
E01003131	1
E01003135	0
E01003138	1
E01003151	1
E01003079	2
E01003080	0
E01003133	1
E01003134	0
E01003152	1
E01003064	0
E01003066	1
E01003081	1
E01003166	1
E01003167	1
E01003116	0
E01003117	2
E01003118	2
E01003153	1
E01003155	0
E01003083	0
E01003084	1
E01003085	0
E01003149	0
E01003154	0
E01003065	1
E01003068	0
E01003082	0
E01003086	0
E01003087	0
E01003113	2
E01003114	1
E01003119	2
E01003120	2
E01003148	0
E01003150	0
E01003062	2
E01003063	1
E01003067	1
E01003069	0
E01003070	0
E01003115	1
E01003141	0
E01003144	2
E01003145	1
E01003147	0
E01003139	1
E01003140	0
E01003142	0
E01003143	0
E01003146	0
E01003013	2
E01003014	2
E01003016	2
E01003017	2
E01032582	2
E01011576	0
E01032945	0
E01011326	0
E01011681	0
E01011523	0
E01033008	0
E01033010	0
E01003244	0
E01003245	1
E01003247	1
E01003249	0
E01003250	1
E01003246	1
E01003248	1
E01003251	0
E01003252	1
E01003253	1
E01003297	1
E01003299	2
E01003301	1
E01003302	1
E01003305	0
E01003207	1
E01003209	0
E01003210	1
E01003212	1
E01003215	2
E01003338	1
E01003339	0
E01003340	1
E01003341	0
E01003343	0
E01003199	1
E01003201	1
E01003204	0
E01003205	0
E01003206	0
E01003211	1
E01003213	1
E01003214	1
E01033324	1
E01033325	0
E01003198	0
E01003200	1
E01003202	0
E01003203	1
E01003336	0
E01003337	0
E01003342	0
E01003344	1
E01003345	0
E01003273	0
E01003277	0
E01003278	2
E01003279	0
E01003288	1
E01003290	1
E01003291	1
E01003296	2
E01033327	2
E01033341	0
E01003282	1
E01003283	1
E01003284	1
E01003286	1
E01003272	1
E01003274	0
E01003275	0
E01003276	0
E01003225	0
E01003231	0
E01003232	0
E01003233	0
E01003280	0
E01003281	0
E01003285	1
E01003287	0
E01003292	0
E01003293	1
E01003295	0
E01033320	0
E01033322	0
E01003319	1
E01003320	1
E01003323	0
E01003325	0
E01003226	0
E01003227	0
E01003228	0
E01003229	1
E01003230	0
E01003317	1
E01003318	2
E01003321	1
E01003322	0
E01003324	1
E01003254	1
E01003255	1
E01003260	0
E01003261	0
E01003262	0
E01003217	0
E01003218	0
E01003220	0
E01003222	0
E01003224	0
E01003263	1
E01003268	0
E01003269	0
E01003270	0
E01003271	0
E01003307	0
E01003308	0
E01003314	0
E01003315	0
E01003316	0
E01003216	0
E01003219	0
E01003221	1
E01003223	0
E01003346	0
E01003349	0
E01003351	0
E01003354	0
E01003309	1
E01003310	0
E01003311	0
E01003312	0
E01003313	0
E01003256	1
E01003257	0
E01003258	0
E01003259	1
E01003193	2
E01003194	1
E01003195	0
E01003196	1
E01003197	1
E01003347	1
E01003348	0
E01003350	0
E01003352	1
E01003353	1
E01003264	0
E01003265	0
E01003266	0
E01003267	0
E01003329	1
E01003330	0
E01003331	0
E01003332	0
E01003334	0
E01003189	0
E01003190	1
E01003191	0
E01003192	0
E01003326	0
E01003327	1
E01003328	0
E01003333	0
E01003335	0
E01003236	1
E01003237	1
E01003238	0
E01003239	0
E01032564	0
E01003235	0
E01003240	0
E01003241	1
E01003243	1
E01032565	0
E01003298	0
E01003300	0
E01003303	2
E01003304	2
E01032579	1
E01015804	0
E01005164	0
E01005235	0
E01003472	0
E01003473	0
E01003474	0
E01003475	2
E01003478	0
E01003460	1
E01003462	0
E01003464	0
E01003465	0
E01003400	0
E01003454	0
E01003456	2
E01003476	0
E01003477	0
E01003401	1
E01003402	1
E01003403	0
E01003404	0
E01003461	1
E01003367	2
E01003369	0
E01003370	1
E01003371	0
E01003455	0
E01003359	0
E01003360	1
E01003457	0
E01003458	0
E01003459	0
E01003394	0
E01003395	0
E01003396	0
E01003397	0
E01003398	1
E01003368	0
E01003372	2
E01003393	1
E01003406	0
E01003407	0
E01003355	0
E01003356	1
E01003358	0
E01003383	1
E01003384	0
E01003442	0
E01003443	0
E01003444	0
E01003445	0
E01003463	0
E01003380	0
E01003382	0
E01003385	0
E01003399	0
E01003423	0
E01003357	1
E01003376	0
E01003377	0
E01003408	1
E01003410	0
E01003386	1
E01003388	2
E01003389	1
E01003392	0
E01003409	0
E01003387	0
E01003391	1
E01003411	1
E01003412	0
E01003435	1
E01003361	0
E01003424	0
E01003425	0
E01003426	0
E01003428	0
E01003366	0
E01003381	0
E01003446	1
E01003447	1
E01003471	1
E01003413	0
E01003414	0
E01003415	0
E01003416	0
E01003434	0
E01003373	0
E01003378	1
E01003379	1
E01003390	1
E01003405	1
E01003429	0
E01003430	1
E01003431	0
E01003432	0
E01003433	0
E01003466	0
E01003467	0
E01003468	0
E01003469	1
E01003470	0
E01003362	0
E01003363	0
E01003364	0
E01003365	0
E01003421	0
E01003374	1
E01003375	1
E01003437	0
E01003440	0
E01003441	0
E01003427	1
E01003436	0
E01003439	1
E01003448	1
E01003453	1
E01003438	0
E01003449	0
E01003450	0
E01003451	0
E01003452	1
E01003417	0
E01003418	0
E01003419	0
E01003420	0
E01003422	0
E01020046	0
E01033548	0
E01003543	2
E01003544	1
E01003546	1
E01003550	0
E01003576	1
E01003581	0
E01003582	1
E01003583	1
E01003578	2
E01003584	1
E01003586	0
E01003590	2
E01003579	0
E01003585	0
E01003587	2
E01003591	1
E01003528	0
E01003575	1
E01003577	0
E01003580	1
E01003545	1
E01003548	1
E01003549	1
E01003557	1
E01003547	1
E01003555	0
E01003561	0
E01003567	1
E01003556	2
E01003558	2
E01003570	2
E01003571	1
E01003572	1
E01003551	2
E01003553	2
E01003554	1
E01003559	1
E01003529	0
E01003530	0
E01003531	2
E01003532	0
E01003534	0
E01003533	0
E01003560	0
E01003563	0
E01003588	0
E01003589	1
E01003616	1
E01003617	2
E01003618	2
E01003619	2
E01003615	1
E01033578	1
E01033579	0
E01033583	2
E01033586	1
E01003562	1
E01003564	1
E01003565	0
E01003566	1
E01003625	1
E01003626	1
E01003627	0
E01003628	0
E01003629	0
E01003552	0
E01003596	1
E01003597	0
E01003635	1
E01003568	0
E01003569	2
E01003573	0
E01003574	1
E01003520	2
E01003521	2
E01003522	0
E01003525	2
E01003526	0
E01003488	1
E01003489	1
E01003490	1
E01003524	0
E01003631	0
E01003632	1
E01003633	1
E01003634	0
E01003636	2
E01003598	1
E01003600	1
E01003630	1
E01003637	0
E01003491	2
E01003592	1
E01003599	1
E01003606	2
E01003535	1
E01003536	0
E01003621	0
E01003622	0
E01003623	0
E01003523	2
E01003527	2
E01003537	0
E01003542	1
E01003624	0
E01003492	0
E01003493	1
E01003494	1
E01003495	1
E01003594	1
E01003595	0
E01003602	2
E01003607	1
E01003496	1
E01003498	1
E01003500	1
E01003593	1
E01003601	2
E01003603	1
E01003605	0
E01003608	0
E01003538	1
E01003539	2
E01003540	0
E01003541	0
E01003499	2
E01003501	1
E01003502	2
E01003503	2
E01003507	1
E01003508	1
E01003509	0
E01003604	1
E01003483	1
E01003484	0
E01003516	1
E01003518	1
E01003519	1
E01003480	1
E01003482	2
E01003486	2
E01003487	0
E01003497	1
E01003506	1
E01033574	0
E01033575	0
E01033576	1
E01033584	0
E01033585	1
E01003479	1
E01003481	1
E01003485	0
E01003513	0
E01003511	0
E01003512	1
E01003514	1
E01003515	2
E01003517	2
E01003609	2
E01003611	1
E01033577	1
E01033580	0
E01033581	1
E01033582	1
E01008462	0
E01015690	0
E01003744	0
E01003745	0
E01003746	0
E01003747	0
E01003748	0
E01003749	0
E01003750	1
E01003720	1
E01003722	0
E01003723	0
E01003726	1
E01003721	0
E01003724	0
E01003725	0
E01003727	1
E01003654	0
E01003655	0
E01003658	1
E01003660	0
E01003656	0
E01003657	1
E01003659	0
E01003698	0
E01003699	1
E01003700	1
E01003701	0
E01003702	0
E01003703	0
E01003704	0
E01003668	1
E01003669	0
E01003670	0
E01003671	0
E01003672	1
E01003673	1
E01003674	1
E01003707	0
E01003708	0
E01003709	0
E01003710	0
E01003759	0
E01003760	0
E01003761	1
E01003762	0
E01003763	0
E01003764	1
E01003765	0
E01003705	2
E01003706	0
E01003711	0
E01003712	0
E01003646	1
E01003648	0
E01003649	0
E01003651	0
E01003639	1
E01003640	0
E01003641	0
E01003642	0
E01003774	0
E01003775	0
E01003776	1
E01003777	1
E01003778	1
E01003779	0
E01003780	0
E01003647	1
E01003650	0
E01003652	0
E01003653	1
E01003638	1
E01003643	0
E01003644	0
E01003645	1
E01003789	1
E01003794	0
E01003795	0
E01003796	0
E01003661	0
E01003662	2
E01003663	1
E01003664	0
E01003665	0
E01003666	1
E01033590	0
E01033592	0
E01003751	1
E01003753	0
E01003754	0
E01003757	1
E01003769	2
E01003770	1
E01003771	1
E01003773	1
E01003752	1
E01003755	2
E01003756	1
E01003758	1
E01003766	0
E01003767	0
E01003768	1
E01003772	1
E01003781	1
E01003782	0
E01003786	0
E01003787	0
E01003790	1
E01003791	0
E01003792	0
E01003793	1
E01003783	2
E01003784	0
E01003785	0
E01003788	2
E01003683	0
E01003684	0
E01003685	0
E01003686	1
E01003688	0
E01003689	2
E01033589	2
E01033591	2
E01003737	1
E01003738	0
E01003739	2
E01003740	0
E01003741	1
E01003742	1
E01003743	0
E01003728	2
E01003729	2
E01003730	1
E01003732	1
E01003733	2
E01003731	1
E01003734	2
E01003735	1
E01003736	0
E01003713	0
E01003714	1
E01003715	0
E01003716	0
E01003718	1
E01003719	2
E01032581	1
E01003690	2
E01003691	0
E01003692	0
E01003693	1
E01003694	0
E01003695	0
E01003696	0
E01003697	1
E01003675	1
E01003676	0
E01003677	1
E01003678	0
E01003679	0
E01003680	0
E01003681	0
E01003682	0
E01030563	0
E01030565	0
E01030613	0
E01003797	0
E01003798	0
E01003799	1
E01003800	0
E01003801	0
E01003802	0
E01003803	0
E01003846	1
E01003847	1
E01003849	0
E01003851	1
E01003860	1
E01003864	0
E01003852	0
E01003853	1
E01003854	1
E01003855	1
E01003856	0
E01003857	1
E01003858	0
E01003848	0
E01003861	0
E01003862	0
E01003863	0
E01003865	0
E01033570	1
E01033571	0
E01003804	0
E01003807	1
E01003808	0
E01003809	0
E01003859	0
E01003873	1
E01003874	0
E01003875	0
E01003878	0
E01003866	0
E01003868	0
E01003871	0
E01003872	0
E01003821	0
E01003876	2
E01003877	0
E01003879	0
E01003892	0
E01003893	1
E01003894	0
E01003895	1
E01003905	0
E01003906	0
E01003907	0
E01003908	1
E01003909	0
E01003867	0
E01003869	1
E01003870	0
E01003910	0
E01003805	0
E01003806	0
E01003816	0
E01003817	0
E01003840	0
E01003841	1
E01003842	0
E01003843	0
E01003844	0
E01003845	0
E01003882	0
E01003883	0
E01003896	1
E01003897	2
E01003898	0
E01003899	0
E01003900	0
E01003901	0
E01003902	0
E01003903	0
E01003880	0
E01003881	0
E01003884	0
E01003885	1
E01003818	0
E01003819	0
E01003820	0
E01003811	0
E01003812	1
E01003890	0
E01003891	0
E01003810	0
E01003813	0
E01003814	0
E01003815	1
E01003828	0
E01003829	1
E01003830	0
E01003831	0
E01003832	0
E01003833	0
E01003886	0
E01003887	1
E01003888	1
E01003889	0
E01003834	0
E01003835	0
E01003836	0
E01003837	0
E01003838	0
E01003839	0
E01003822	0
E01003823	1
E01003824	0
E01003825	0
E01003826	1
E01003827	0
E01030671	0
E01007008	0
E01007944	0
E01017812	0
E01017813	0
E01017827	0
E01004029	1
E01004032	0
E01004053	0
E01004054	1
E01004055	0
E01003927	2
E01003929	2
E01003934	2
E01003935	1
E01003939	2
E01003976	2
E01004027	2
E01032637	0
E01032638	0
E01032640	0
E01032646	1
E01032803	0
E01032834	0
E01003975	1
E01003978	1
E01004022	1
E01004023	1
E01004028	0
E01003938	1
E01003940	0
E01003941	1
E01003942	1
E01003979	1
E01003981	2
E01004030	1
E01004031	2
E01004033	1
E01004034	1
E01004036	2
E01004056	0
E01004057	1
E01004058	0
E01004059	1
E01004060	1
E01003936	0
E01003937	1
E01003943	0
E01032720	2
E01003977	0
E01004037	0
E01004038	1
E01004042	2
E01004043	1
E01003986	1
E01003987	0
E01004024	1
E01004035	1
E01003960	0
E01003961	1
E01003994	1
E01032722	2
E01003980	1
E01004039	0
E01004040	2
E01004041	1
E01004044	0
E01003992	2
E01003995	1
E01003998	0
E01003999	0
E01032639	1
E01032719	1
E01003964	2
E01003966	1
E01003968	0
E01003971	0
E01003974	0
E01003963	2
E01003967	0
E01003970	1
E01003972	0
E01003973	1
E01003923	0
E01003969	2
E01003991	0
E01003993	0
E01003997	1
E01003983	0
E01003988	2
E01003989	2
E01003990	1
E01004007	1
E01003912	0
E01004011	0
E01004012	0
E01004013	0
E01004014	0
E01003911	0
E01003916	1
E01003917	1
E01003918	0
E01003925	0
E01003919	1
E01003920	1
E01003921	2
E01003922	1
E01003924	0
E01003926	0
E01004008	0
E01004010	1
E01004067	2
E01032805	1
E01003984	1
E01004003	0
E01004004	2
E01004005	2
E01004006	0
E01003913	2
E01003914	2
E01003915	1
E01004050	0
E01004052	1
E01004061	2
E01004062	1
E01004063	1
E01004065	0
E01004066	2
E01004000	1
E01004001	0
E01004019	1
E01004064	0
E01004068	1
E01004045	1
E01004047	0
E01004048	0
E01004049	0
E01004051	0
E01003953	1
E01003955	0
E01004015	1
E01004021	1
E01004046	1
E01004002	0
E01004016	1
E01004017	0
E01004020	0
E01003952	1
E01003954	0
E01003956	0
E01004071	1
E01004072	0
E01004069	0
E01004070	1
E01004073	0
E01004074	1
E01004075	0
E01003949	0
E01003950	1
E01003957	0
E01003958	0
E01004018	1
E01003945	1
E01003946	0
E01003947	0
E01003948	1
E01003951	1
E01003930	1
E01003932	1
E01003933	1
E01032583	2
E01032584	1
E01030744	0
E01030747	0
E01030709	0
E01030746	0
E01030703	0
E01030748	0
E01004125	0
E01004183	0
E01004184	0
E01004185	1
E01004189	0
E01004123	1
E01004124	0
E01004126	0
E01004128	1
E01004129	1
E01004130	1
E01004131	0
E01004134	0
E01004135	0
E01004136	0
E01004164	0
E01004166	0
E01004169	0
E01004186	0
E01004188	0
E01004127	0
E01004163	0
E01004165	0
E01004167	0
E01004187	0
E01004117	0
E01004121	1
E01004192	0
E01004193	0
E01004195	0
E01004144	0
E01004145	1
E01004146	0
E01004147	0
E01004122	0
E01004190	0
E01004191	0
E01004194	0
E01004196	0
E01004115	0
E01004118	0
E01004119	2
E01004132	0
E01004133	0
E01004171	0
E01004172	0
E01004173	0
E01004175	0
E01004176	0
E01004076	2
E01004077	0
E01004078	0
E01004079	0
E01004080	0
E01004081	0
E01004082	0
E01004137	1
E01004140	1
E01004141	0
E01004142	2
E01004149	0
E01004101	0
E01004103	0
E01004138	0
E01004139	0
E01004168	1
E01004143	0
E01004148	1
E01004159	0
E01004160	0
E01004161	0
E01004097	0
E01004098	0
E01004099	1
E01004100	0
E01004102	1
E01004110	1
E01004111	0
E01004112	0
E01004120	0
E01004157	0
E01004087	0
E01004170	1
E01004174	0
E01004178	2
E01004179	0
E01004152	1
E01004155	0
E01004156	0
E01004158	0
E01004162	1
E01004083	0
E01004086	1
E01004088	1
E01004089	1
E01004182	0
E01004104	0
E01004107	0
E01004177	0
E01004180	0
E01004181	0
E01004090	0
E01004150	0
E01004151	0
E01004153	0
E01004091	0
E01004092	0
E01004105	0
E01004106	0
E01004154	0
E01004084	0
E01004085	0
E01004108	0
E01004109	0
E01004093	0
E01004094	0
E01004095	0
E01004114	0
E01032623	0
E01024618	0
E01024632	0
E01030859	0
E01030844	0
E01032571	0
E01024676	0
E01023849	0
E01023806	0
E01015924	0
E01015968	0
E01016012	0
E01004222	1
E01004223	0
E01004224	2
E01004226	1
E01004197	2
E01004198	2
E01004199	1
E01004201	1
E01004228	1
E01004230	2
E01004232	2
E01004233	0
E01004234	2
E01004225	2
E01004229	0
E01004231	2
E01032764	1
E01032765	1
E01032784	0
E01004200	1
E01004202	2
E01004203	2
E01004204	1
E01004311	2
E01004314	0
E01004315	2
E01004318	2
E01004259	2
E01004260	2
E01004263	1
E01004266	1
E01004235	1
E01004236	2
E01004237	0
E01004238	2
E01004239	0
E01004312	2
E01004313	2
E01004316	1
E01004317	2
E01004261	0
E01004262	2
E01004264	1
E01032785	0
E01032786	0
E01004207	1
E01004209	2
E01004212	2
E01032787	2
E01004240	2
E01004241	1
E01004242	2
E01004267	2
E01004268	0
E01004205	2
E01004206	2
E01004208	2
E01004211	2
E01004269	2
E01004270	2
E01004271	1
E01004272	1
E01004273	1
E01004306	2
E01004307	2
E01004308	1
E01004309	2
E01004310	2
E01004283	2
E01004287	1
E01004289	2
E01004290	1
E01004322	2
E01004323	2
E01004324	2
E01004326	2
E01004245	0
E01004246	1
E01004248	1
E01004249	2
E01004284	1
E01004285	1
E01004286	2
E01004288	1
E01004243	1
E01004244	1
E01004247	2
E01004250	2
E01004319	1
E01004321	2
E01004325	2
E01032766	0
E01032767	2
E01004298	1
E01004300	1
E01004304	2
E01004305	1
E01004251	2
E01004254	2
E01004255	1
E01004258	1
E01004252	2
E01004253	0
E01004256	2
E01004257	1
E01004301	1
E01004302	1
E01004303	2
E01032768	0
E01032769	2
E01004292	0
E01004294	2
E01004295	1
E01004296	0
E01004291	1
E01004293	2
E01004297	1
E01004215	2
E01004219	2
E01004221	0
E01032776	0
E01032777	0
E01032778	1
E01032779	0
E01032780	1
E01004214	0
E01004216	0
E01004217	2
E01004218	0
E01004274	1
E01004275	0
E01004276	0
E01004281	0
E01032783	2
E01004280	0
E01032770	0
E01032772	1
E01032773	0
E01032774	0
E01004277	2
E01032771	2
E01032781	0
E01032782	0
E01006186	0
E01010258	0
E01004349	0
E01004350	1
E01004351	0
E01004356	0
E01004357	0
E01004352	1
E01004353	0
E01004354	1
E01004358	0
E01004359	0
E01004384	1
E01004385	0
E01004386	0
E01004389	0
E01004390	0
E01004355	0
E01004360	0
E01004413	1
E01004415	0
E01004416	0
E01004361	0
E01004414	1
E01004417	1
E01004451	0
E01004452	1
E01004450	0
E01004453	1
E01004454	0
E01004455	2
E01004456	1
E01004379	0
E01004380	1
E01004381	1
E01004383	0
E01004387	0
E01004388	0
E01004343	0
E01004344	1
E01004382	0
E01004418	0
E01004419	0
E01004398	0
E01004399	1
E01004400	0
E01004402	0
E01004403	2
E01004345	1
E01004348	1
E01004377	0
E01004378	1
E01004342	0
E01004346	1
E01004347	0
E01004460	1
E01004462	1
E01004396	0
E01004457	0
E01004458	1
E01004459	0
E01004463	0
E01004407	0
E01004410	1
E01004464	1
E01004469	1
E01004470	1
E01004471	1
E01004391	0
E01004393	1
E01004401	0
E01004404	1
E01004461	0
E01004412	1
E01004465	1
E01004466	0
E01004467	0
E01004468	1
E01004406	1
E01004408	1
E01004409	1
E01004411	1
E01004443	2
E01004447	0
E01004392	2
E01004394	0
E01004397	2
E01004444	2
E01004446	1
E01004395	0
E01004421	0
E01004445	1
E01004448	1
E01004449	1
E01004363	1
E01004364	1
E01004366	1
E01004367	1
E01004368	1
E01004365	1
E01004405	1
E01004420	2
E01004423	1
E01033153	1
E01004362	1
E01004436	2
E01004437	1
E01004439	0
E01004442	0
E01004422	1
E01004424	2
E01004425	1
E01004426	0
E01004427	1
E01004369	0
E01004370	1
E01004372	0
E01004432	0
E01004435	0
E01004333	0
E01004334	1
E01004438	2
E01004440	2
E01004441	0
E01004371	0
E01004373	1
E01004374	0
E01004375	0
E01004376	1
E01004336	0
E01004428	0
E01004429	1
E01004430	2
E01004434	0
E01004335	1
E01004337	1
E01004338	0
E01004339	0
E01004340	1
E01004341	1
E01004327	0
E01004328	0
E01004329	0
E01004330	1
E01004331	1
E01004332	1
E01004560	1
E01004566	0
E01004582	0
E01004583	1
E01004562	1
E01004563	1
E01004564	0
E01004567	1
E01033098	0
E01033100	0
E01033132	1
E01004539	1
E01004540	1
E01004577	0
E01004584	0
E01004579	1
E01004580	1
E01004581	1
E01033099	0
E01033101	1
E01033133	0
E01004565	1
E01004590	1
E01004591	1
E01004592	0
E01004604	1
E01004605	1
E01004606	1
E01004607	0
E01004608	1
E01004535	0
E01004537	1
E01004538	1
E01004541	2
E01004534	1
E01004536	1
E01004552	2
E01004585	1
E01004588	2
E01004554	1
E01004556	0
E01004586	0
E01004587	0
E01004589	0
E01004509	2
E01004511	0
E01004602	1
E01004609	2
E01033093	0
E01033135	0
E01004506	1
E01004638	0
E01004639	0
E01004640	1
E01004641	0
E01004508	1
E01004510	0
E01004514	1
E01004515	0
E01004551	2
E01004568	0
E01004574	1
E01004575	0
E01004576	0
E01004500	0
E01004501	0
E01004503	0
E01004505	0
E01004507	0
E01004553	1
E01004557	0
E01004558	0
E01004559	0
E01004619	0
E01004572	1
E01004642	1
E01004643	0
E01004644	1
E01004645	1
E01004477	0
E01004478	0
E01004479	0
E01004550	0
E01004555	0
E01004494	1
E01004513	1
E01004600	2
E01004601	1
E01004493	1
E01004512	0
E01004620	0
E01004621	1
E01004623	0
E01004627	1
E01004499	0
E01004502	0
E01004504	0
E01004594	0
E01004596	0
E01004629	0
E01004472	1
E01004474	2
E01004476	0
E01004542	0
E01004544	0
E01004628	0
E01004630	0
E01004631	0
E01004633	0
E01004569	2
E01004570	0
E01004571	1
E01004573	2
E01004495	1
E01004496	1
E01004497	0
E01004622	0
E01004624	1
E01004593	1
E01004595	0
E01004597	0
E01004598	0
E01004599	0
E01004473	1
E01004475	0
E01004480	0
E01004483	0
E01004484	0
E01004486	1
E01004543	1
E01004545	2
E01004546	0
E01004549	0
E01004625	0
E01004626	1
E01004632	0
E01004634	0
E01004635	0
E01004636	0
E01004637	0
E01004481	1
E01004488	0
E01004547	1
E01004548	1
E01004482	1
E01004485	1
E01004487	0
E01004489	0
E01004490	0
E01004491	0
E01004492	1
E01004498	0
E01004532	0
E01004611	0
E01004612	1
E01004618	0
E01004531	0
E01004533	1
E01004610	1
E01004613	0
E01004614	1
E01004615	0
E01004616	0
E01004617	2
E01004525	2
E01004526	1
E01004527	0
E01004528	1
E01004529	1
E01004530	0
E01004516	1
E01004518	0
E01004519	1
E01004520	0
E01004523	0
E01004517	0
E01004521	1
E01004522	0
E01004524	0
E01033308	0
E01023947	0
E01004647	0
E01004649	0
E01004724	1
E01004730	0
E01004646	0
E01004648	1
E01004650	0
E01004710	2
E01004651	0
E01004725	1
E01004726	0
E01004728	1
E01004729	0
E01004718	0
E01004719	1
E01004720	1
E01004721	1
E01004722	1
E01004674	2
E01004675	1
E01004677	0
E01004678	0
E01004679	1
E01004723	1
E01004676	0
E01004706	0
E01004707	1
E01004708	0
E01004756	1
E01004701	0
E01004703	1
E01004705	0
E01004709	1
E01033600	0
E01033608	0
E01004659	1
E01004660	2
E01004712	2
E01004727	1
E01004670	1
E01004702	2
E01033598	0
E01033601	1
E01033602	1
E01033603	1
E01033604	1
E01033605	2
E01004754	1
E01004755	1
E01004757	1
E01032512	2
E01032513	0
E01004713	2
E01004714	2
E01004716	1
E01004717	2
E01004762	2
E01004657	2
E01004658	2
E01004661	2
E01004662	1
E01004663	2
E01004715	2
E01004763	2
E01004765	2
E01033595	2
E01033596	2
E01004653	1
E01004654	2
E01004656	1
E01004760	1
E01033606	0
E01033607	0
E01004680	0
E01004683	1
E01004684	1
E01004686	1
E01033593	0
E01033594	2
E01004681	0
E01004682	1
E01004694	1
E01004697	0
E01004700	0
E01004652	1
E01004693	1
E01004695	2
E01004696	0
E01004698	1
E01004699	2
E01004734	2
E01004735	2
E01004736	2
E01004761	2
E01004687	0
E01004688	1
E01004689	2
E01004690	1
E01004691	1
E01004692	1
E01004731	2
E01004732	1
E01004733	2
E01004744	0
E01004748	2
E01004740	0
E01004743	0
E01004745	1
E01004746	0
E01004747	2
E01004742	1
E01004749	2
E01004751	1
E01004752	0
E01004753	1
E01004666	2
E01004667	0
E01004668	1
E01004750	2
E01033597	0
E01033599	0
E01004665	2
E01004669	0
E01004737	0
E01004738	0
E01004739	0
E01004741	0
E01016566	0
E01017852	0
E01029896	0
E01021274	0
E01017524	0
E01000357	0
E01000348	0
E01009284	0
E01000831	0
E01000834	0
E01024882	0
E01010994	0
E01000966	0
E01018589	0
E01020353	0
E01020703	0
E01001072	0
E01001019	0
E01024142	0
E01007590	0
E01023505	0
E01030333	0
E01030325	0
E01001526	0
E01030406	0
E01030478	0
E01001787	0
E01001913	0
E01001965	0
E01002146	0
E01002359	0
E01002286	0
E01023564	0
E01023543	0
E01033127	0
E01002773	0
E01002917	0
E01033016	0
E01033653	0
E01030548	0
E01013243	0
E01030604	0
E01003904	0
E01017140	0
E01017821	0
E01015842	0
E01015855	0
E01030743	0
E01030720	0
E01023728	0
E01004116	0
E01004096	0
E01024587	0
E01030856	0
E01030820	0
E01023918	0
E01020502	0
E01017840	0
E01021405	0
E01016899	0
E01021542	0
E01024183	0
E01024136	0
E01018021	0
E01021745	0
E01028186	0
E01005319	0
E01031694	0
E01033415	0
E01024421	0
E01024483	0
E01016482	0
E01014274	0
E01030852	0
E01030853	0
E01020268	0
E01021988	0
E01024640	0
E01015978	0
E01006300	0
E01008955	0
E01009378	0
E01021443	0
E01000002	0
E01024155	0
E01030350	0
E01021780	0
E01021782	0
E01030398	0
E01032624	0
E01023580	0
E01023566	0
E01023548	0
E01028531	0
E01024475	0
E01024439	0
E01008102	0
E01017796	0
E01030708	0
E01030846	0
E01015971	0
E01009053	0
E01004852	0
E01023330	0
E01023297	0
E01023337	0
E01019211	0
E01018496	0
E01000003	0
E01023435	0
E01024152	0
E01024174	0
E01030323	0
E01030356	0
E01021761	0
E01021810	0
E01021773	0
E01021746	0
E01030396	0
E01028157	0
E01030459	0
E01023584	0
E01029960	0
E01015702	0
E01031731	0
E01016837	0
E01008470	0
E01005326	0
E01016371	0
E01030618	0
E01024433	0
E01016519	0
E01016470	0
E01028661	0
E01030706	0
E01023760	0
E01030860	0
E01030847	0
E01015979	0
E01016585	0
E01016544	0
E01032903	0
E01010525	0
E01017908	0
E01031355	0
E01032959	0
E01004897	0
E01015322	0
E01023342	0
E01023334	0
E01032797	0
E01025706	0
E01028438	0
E01018624	0
E01018414	0
E01018689	0
E01031578	0
E01024172	0
E01024145	0
E01013468	0
E01021817	0
E01021765	0
E01030408	0
E01020017	0
E01024278	0
E01024296	0
E01020991	0
E01014050	0
E01023574	0
E01023530	0
E01023550	0
E01005279	0
E01008369	0
E01032681	0
E01030682	0
E01023143	0
E01005649	0
E01024545	0
E01016447	0
E01017829	0
E01030752	0
E01024580	0
E01023925	0
E01016572	0
E01026478	0
E01023303	0
E01021503	0
E01021500	0
E01018669	0
E01031575	0
E01024140	0
E01030319	0
E01021796	0
E01021763	0
E01021770	0
E01021767	0
E01030409	0
E01021846	0
E01021872	0
E01023535	0
E01023541	0
E01018151	0
E01017349	0
E01011094	0
E01006515	0
E01015748	0
E01024405	0
E01016143	0
E01016049	0
E01030514	0
E01013128	0
E01013879	0
E01030656	0
E01024505	0
E01016463	0
E01015867	0
E01015823	0
E01015919	0
E01023743	0
E01014366	0
E01030848	0
E01030854	0
E01014157	0
E01024698	0
E01023817	0
E01024852	0
E01022086	0
E01033311	0
E01023933	0
E01032118	0
E01016534	0
E01016540	0
E01017844	0
E01021436	0
E01023341	0
E01023305	0
E01023338	0
E01031585	0
E01024182	0
E01024150	0
E01024189	0
E01030351	0
E01030309	0
E01021744	0
E01030388	0
E01030400	0
E01025795	0
E01013754	0
E01033652	0
E01005286	0
E01033661	0
E01031720	0
E01030568	0
E01021141	0
E01030685	0
E01024478	0
E01016508	0
E01030707	0
E01033029	0
E01005947	0
E01029321	0
E01023839	0
E01015973	0
E01015974	0
E01015214	0
E01010404	0
E01021159	0
E01031912	0
E01017898	0
E01021288	0
E01028023	0
E01009476	0
E01030378	0
E01018205	0
E01011638	0
E01016092	0
E01008319	0
E01014853	0
E01013842	0
E01013926	0
E01030590	0
E01027772	0
E01021936	0
E01030692	0
E01010146	0
E01019370	0
E01023861	0
E01023948	0
E01031441	0
E01023987	0
E01029883	0
E01033565	0
E01014589	0
E01028488	0
E01018901	0
E01009539	0
E01030334	0
E01021759	0
E01030405	0
E01017326	0
E01011352	0
E01015749	0
E01015811	0
E01005176	0
E01005316	0
E01016110	0
E01013830	0
E01024471	0
E01016488	0
E01016514	0
E01023800	0
E01023827	0
E01015925	0
E01016011	0
E01031266	0
E01023855	0
E01010564	0
E01031454	0
E01009412	0
E01016955	0
E01023325	0
E01023339	0
E01021522	0
E01017625	0
E01009660	0
E01027026	0
E01030322	0
E01031092	0
E01024419	0
E01026894	0
E01029674	0
E01030736	0
E01024595	0
E01030254	0
E01021195	0
E01031431	0
E01008988	0
E01016952	0
E01032518	0
E01004984	0
E01017588	0
E01024181	0
E01024271	0
E01021843	0
E01020979	0
E01023547	0
E01011677	0
E01011372	0
E01015794	0
E01033664	0
E01030533	0
E01031031	0
E01032921	0
E01015402	0
E01030569	0
E01021939	0
E01005681	0
E01031246	0
E01015953	0
E01011920	0
E01023857	0
E01032688	0
	0
